{
  "ram_samples": [
    {
      "timestamp": 1763038610.9655955,
      "elapsed_seconds": 0.0002925395965576172,
      "ram_mb": 38.265625
    },
    {
      "timestamp": 1763038612.0114086,
      "elapsed_seconds": 1.0461056232452393,
      "ram_mb": 56.4296875
    }
  ],
  "disk_samples": [
    {
      "timestamp": 1763038610.9655955,
      "elapsed_seconds": 0.0002925395965576172,
      "disk_mb": 8.755538940429688
    },
    {
      "timestamp": 1763038612.0114086,
      "elapsed_seconds": 1.0461056232452393,
      "disk_mb": 8.755538940429688
    }
  ],
  "summary": {
    "peak_ram_mb": 56.4296875,
    "average_ram_mb": 47.34765625,
    "peak_disk_mb": 8.755538940429688,
    "average_disk_mb": 8.755538940429688,
    "final_disk_mb": 8.755538940429688,
    "total_monitoring_time_seconds": 1.0461056232452393,
    "sample_count": 2
  },
  "metadata": {
    "data_directory": "./data",
    "sampling_interval_seconds": 1.0,
    "start_time": "2025-11-13T19:56:50.965303"
  }
}