elapsed_seconds,ram_mb,disk_mb
0.0002925395965576172,38.265625,8.755538940429688
1.0461056232452393,56.4296875,8.755538940429688
